{
  "__type__": "cc.SpriteAtlas",
  "_name": "resultMenu.plist",
  "_objFlags": 0,
  "_native": "",
  "_spriteFrames": {
    "Score01": {
      "__uuid__": "9306ab00-84ad-491a-a99a-0d98590e1a55"
    },
    "Score02": {
      "__uuid__": "312bba4b-98e4-443e-838b-5b3298626330"
    },
    "Score03": {
      "__uuid__": "4e28fe0d-6afe-4987-b796-591305b1767f"
    },
    "Score04": {
      "__uuid__": "47d17045-fd32-4fa7-bd8d-9cf861228d72"
    },
    "Scoreboard01": {
      "__uuid__": "556fab30-09f4-4c47-b590-4aba8b102b59"
    },
    "Scoreboard02": {
      "__uuid__": "736b6036-4d08-477a-b252-1f74c7dc345d"
    },
    "Scoreboard03": {
      "__uuid__": "0225ef39-81f9-4a8a-bbaa-69acba31f4cf"
    },
    "Scoreboard04": {
      "__uuid__": "4f4633d9-9de2-4064-814f-8c5015eef61a"
    },
    "home": {
      "__uuid__": "f73a9f7c-09c0-4ba5-92aa-fcd8c6987335"
    },
    "next": {
      "__uuid__": "4090cd01-be9e-4ce4-9086-681379f5ee9f"
    },
    "re": {
      "__uuid__": "788eca11-47b0-46c9-9ad5-43093219915d"
    },
    "shadow02": {
      "__uuid__": "f77f14a8-a93e-4ad2-ae38-95c1bb255076"
    }
  }
}