{
  "__type__": "cc.SpriteAtlas",
  "_name": "tiles.plist",
  "_objFlags": 0,
  "_native": "",
  "_spriteFrames": {
    "Key": {
      "__uuid__": "2c0035fc-7643-4eb4-b83f-24a6f03a08ac"
    },
    "mark": {
      "__uuid__": "28ec7b05-d417-48e2-ae5d-1ba0ac732118"
    },
    "tiles05": {
      "__uuid__": "e8b7258b-f8bc-4cff-9a00-01c649a62969"
    },
    "tiles09": {
      "__uuid__": "5ab7b80a-3d81-4437-90ec-fa0d4fa41675"
    },
    "transform02": {
      "__uuid__": "e5283505-406a-4c15-81fa-2936b90b9cb6"
    }
  }
}