{
  "version": "1.1.1",
  "windows": {
    "main": {
      "main": true,
      "url": "app://editor/index.html",
      "windowType": "dockable",
      "x": 0,
      "y": 0,
      "width": 1366,
      "height": 728,
      "layout": {
        "children": [
          {
            "children": [
              {
                "active": 0,
                "children": [
                  "hierarchy"
                ],
                "height": 301,
                "type": "panel",
                "width": 275
              },
              {
                "active": 0,
                "children": [
                  "assets"
                ],
                "height": 306,
                "type": "panel",
                "width": 275
              }
            ],
            "height": 609,
            "type": "dock-v",
            "width": 275
          },
          {
            "active": 0,
            "children": [
              "inspector",
              "cocos-services"
            ],
            "height": 609,
            "type": "panel",
            "width": 304
          },
          {
            "children": [
              {
                "active": 0,
                "children": [
                  "scene"
                ],
                "height": 341,
                "type": "panel",
                "width": 767
              },
              {
                "active": 0,
                "children": [
                  "console",
                  "timeline",
                  "game-window"
                ],
                "height": 266,
                "type": "panel",
                "width": 767
              }
            ],
            "height": 609,
            "type": "dock-v",
            "width": 767
          }
        ],
        "type": "dock-h"
      },
      "panels": [
        "hierarchy",
        "assets",
        "inspector",
        "cocos-services",
        "console",
        "timeline",
        "game-window",
        "scene"
      ]
    }
  },
  "panels": {
    "cocos-services": {
      "x": 525,
      "y": 69,
      "width": 316,
      "height": 589
    },
    "node-library": {
      "x": 525,
      "y": 94,
      "width": 316,
      "height": 519
    },
    "sprite-editor": {
      "x": 502,
      "y": 149,
      "width": 516,
      "height": 539
    },
    "project-settings": {
      "x": 714,
      "y": 107,
      "width": 600,
      "height": 565
    },
    "preferences": {
      "x": 485,
      "y": 86,
      "width": 600,
      "height": 565
    },
    "assets": {
      "x": 569,
      "y": 136,
      "width": 697,
      "height": 732
    },
    "builder": {
      "x": 340,
      "y": 0,
      "width": 670,
      "height": 728
    },
    "hierarchy": {
      "x": 575,
      "y": 134,
      "width": 216,
      "height": 439
    }
  }
}