{
  "__type__": "cc.SpriteAtlas",
  "_name": "select.plist",
  "_objFlags": 0,
  "_native": "",
  "_spriteFrames": {
    "four": {
      "__uuid__": "95c1d52d-9d78-44ad-93e1-2015ec5c2885"
    },
    "one": {
      "__uuid__": "27b0e830-07b4-4250-9c36-46b63c8f9152"
    },
    "selectIcon": {
      "__uuid__": "a31df943-9eb5-4005-aa15-6988eb9afedb"
    },
    "selectTitle": {
      "__uuid__": "0c45edf6-91b3-4495-93f2-6a505ddf6f50"
    },
    "three": {
      "__uuid__": "5f08fb3c-bf07-4397-8188-ab19c5c38b5e"
    },
    "two": {
      "__uuid__": "27e6185c-c7c8-4f48-9da7-a33704b2af04"
    }
  }
}