{
  "9836134e-b892-4283-b6b2-78b5acf3ed45": {
    "asset": 1574342183346,
    "meta": 1571803370000,
    "relativePath": "effects"
  },
  "430eccbf-bf2c-4e6e-8c0c-884bbb487f32": {
    "asset": 1571803370000,
    "meta": 1580959825731,
    "relativePath": "effects\\__builtin-editor-gizmo-line.effect"
  },
  "6c5cf6e1-b044-4eac-9431-835644d57381": {
    "asset": 1571803370000,
    "meta": 1580959825773,
    "relativePath": "effects\\__builtin-editor-gizmo-unlit.effect"
  },
  "115286d1-2e10-49ee-aab4-341583f607e8": {
    "asset": 1571803370000,
    "meta": 1580959825850,
    "relativePath": "effects\\__builtin-editor-gizmo.effect"
  },
  "abc2cb62-7852-4525-a90d-d474487b88f2": {
    "asset": 1571803370000,
    "meta": 1580959825852,
    "relativePath": "effects\\builtin-phong.effect"
  },
  "f8e6b000-5643-4b86-9080-aa680ce1f599": {
    "asset": 1574342183793,
    "meta": 1571803370000,
    "relativePath": "image"
  },
  "71561142-4c83-4933-afca-cb7a17f67053": {
    "asset": 1571803370000,
    "meta": 1580959826009,
    "relativePath": "image\\default_btn_disabled.png"
  },
  "e851e89b-faa2-4484-bea6-5c01dd9f06e2": {
    "asset": 1571803370000,
    "meta": 1580959826015,
    "relativePath": "image\\default_btn_normal.png"
  },
  "b43ff3c2-02bb-4874-81f7-f2dea6970f18": {
    "asset": 1571803370000,
    "meta": 1580959826035,
    "relativePath": "image\\default_btn_pressed.png"
  },
  "edd215b9-2796-4a05-aaf5-81f96c9281ce": {
    "asset": 1571803370000,
    "meta": 1580959826041,
    "relativePath": "image\\default_editbox_bg.png"
  },
  "d81ec8ad-247c-4e62-aa3c-d35c4193c7af": {
    "asset": 1571803370000,
    "meta": 1580959826064,
    "relativePath": "image\\default_panel.png"
  },
  "99170b0b-d210-46f1-b213-7d9e3f23098a": {
    "asset": 1571803370000,
    "meta": 1580959826069,
    "relativePath": "image\\default_progressbar_bg.png"
  },
  "cfef78f1-c8df-49b7-8ed0-4c953ace2621": {
    "asset": 1571803370000,
    "meta": 1580959826093,
    "relativePath": "image\\default_progressbar.png"
  },
  "567dcd80-8bf4-4535-8a5a-313f1caf078a": {
    "asset": 1571803370000,
    "meta": 1580959826096,
    "relativePath": "image\\default_radio_button_off.png"
  },
  "4bab67cb-18e6-4099-b840-355f0473f890": {
    "asset": 1571803370000,
    "meta": 1580959826128,
    "relativePath": "image\\default_scrollbar_bg.png"
  },
  "9d60001f-b5f4-4726-a629-2659e3ded0b8": {
    "asset": 1571803370000,
    "meta": 1580959826126,
    "relativePath": "image\\default_radio_button_on.png"
  },
  "617323dd-11f4-4dd3-8eec-0caf6b3b45b9": {
    "asset": 1571803370000,
    "meta": 1580959826151,
    "relativePath": "image\\default_scrollbar_vertical_bg.png"
  },
  "d6d3ca85-4681-47c1-b5dd-d036a9d39ea2": {
    "asset": 1571803370000,
    "meta": 1580959826154,
    "relativePath": "image\\default_scrollbar_vertical.png"
  },
  "0291c134-b3da-4098-b7b5-e397edbe947f": {
    "asset": 1571803370000,
    "meta": 1580959826181,
    "relativePath": "image\\default_scrollbar.png"
  },
  "0275e94c-56a7-410f-bd1a-fc7483f7d14a": {
    "asset": 1571803370000,
    "meta": 1580959826178,
    "relativePath": "image\\default_sprite_splash.png"
  },
  "6e056173-d285-473c-b206-40a7fff5386e": {
    "asset": 1571803370000,
    "meta": 1580959826201,
    "relativePath": "image\\default_sprite.png"
  },
  "73a0903d-d80e-4e3c-aa67-f999543c08f5": {
    "asset": 1571803370000,
    "meta": 1580959826207,
    "relativePath": "image\\default_toggle_checkmark.png"
  },
  "c25b9d50-c8fc-4d27-beeb-6e7c1f2e5c0f": {
    "asset": 1571803370000,
    "meta": 1580959826227,
    "relativePath": "image\\default_toggle_disabled.png"
  },
  "d29077ba-1627-4a72-9579-7b56a235340c": {
    "asset": 1571803370000,
    "meta": 1580959826232,
    "relativePath": "image\\default_toggle_normal.png"
  },
  "5c3eedba-6c41-4c0c-9ba7-d91f813cbd1c": {
    "asset": 1574342183828,
    "meta": 1571803370000,
    "relativePath": "materials"
  },
  "c4480a0a-6ac5-443f-8b40-361a14257fc8": {
    "asset": 1571803370000,
    "meta": 1580959826238,
    "relativePath": "materials\\builtin-phong.mtl"
  },
  "fc09f9bd-2cce-4605-b630-8145ef809ed6": {
    "asset": 1574342183873,
    "meta": 1571803370000,
    "relativePath": "misc"
  },
  "b181c1e4-0a72-4a91-bfb0-ae6f36ca60bd": {
    "asset": 1571803370000,
    "meta": 1580959826259,
    "relativePath": "image\\default_toggle_pressed.png"
  },
  "db019bf7-f71c-4111-98cf-918ea180cb48": {
    "asset": 1574342184106,
    "meta": 1571803370000,
    "relativePath": "model"
  },
  "e39e96e6-6f6e-413f-bcf1-ac7679bb648a": {
    "asset": 1574342184075,
    "meta": 1571803370000,
    "relativePath": "model\\prefab"
  },
  "a87cc147-01b2-43f8-8e42-a7ca90b0c757": {
    "asset": 1571803370000,
    "meta": 1580959826256,
    "relativePath": "model\\prefab\\box.prefab"
  },
  "fe1417b6-fe6b-46a4-ae7c-9fd331f33a2a": {
    "asset": 1571803370000,
    "meta": 1580959826263,
    "relativePath": "model\\prefab\\capsule.prefab"
  },
  "b5fc2cf2-7942-483d-be1f-bbeadc4714ad": {
    "asset": 1571803370000,
    "meta": 1580959826266,
    "relativePath": "model\\prefab\\cone.prefab"
  },
  "1c5e4038-953a-44c2-b620-0bbfc6170477": {
    "asset": 1571803370000,
    "meta": 1580959826269,
    "relativePath": "model\\prefab\\cylinder.prefab"
  },
  "3f376125-a699-40ca-ad05-04d662eaa1f2": {
    "asset": 1571803370000,
    "meta": 1580959826272,
    "relativePath": "model\\prefab\\plane.prefab"
  },
  "6c9ef10d-b479-420b-bfe6-39cdda6a8ae0": {
    "asset": 1571803370000,
    "meta": 1580959826276,
    "relativePath": "model\\prefab\\quad.prefab"
  },
  "2d9a4b85-b0ab-4c46-84c5-18f393ab2058": {
    "asset": 1571803370000,
    "meta": 1580959826280,
    "relativePath": "model\\prefab\\sphere.prefab"
  },
  "de510076-056b-484f-b94c-83bef217d0e1": {
    "asset": 1571803370000,
    "meta": 1580959826319,
    "relativePath": "model\\prefab\\torus.prefab"
  },
  "2be36297-9abb-4fee-8049-9ed5e271da8a": {
    "asset": 1571803370000,
    "meta": 1580959826250,
    "relativePath": "misc\\default_video.mp4"
  },
  "f6e6dd15-71d1-4ffe-ace7-24fd39942c05": {
    "asset": 1574342184168,
    "meta": 1571803370000,
    "relativePath": "obsolete"
  },
  "8a96b965-2dc0-4e03-aa90-3b79cb93b5b4": {
    "asset": 1571803370000,
    "meta": 1580959826348,
    "relativePath": "obsolete\\atom.png"
  },
  "f743d2b6-b7ea-4c14-a55b-547ed4d0a045": {
    "asset": 1574342184230,
    "meta": 1571803370000,
    "relativePath": "particle"
  },
  "b8223619-7e38-47c4-841f-9160c232495a": {
    "asset": 1571803370000,
    "meta": 1580959826720,
    "relativePath": "obsolete\\atom.plist"
  },
  "d0a82d39-bede-46c4-b698-c81ff0dedfff": {
    "asset": 1571803370000,
    "meta": 1580959826369,
    "relativePath": "particle\\atom.png"
  },
  "ae6c6c98-11e4-452f-8758-75f5c6a56e83": {
    "asset": 1574342184814,
    "meta": 1571803370000,
    "relativePath": "prefab"
  },
  "972b9a4d-47ee-4c74-b5c3-61d8a69bc29f": {
    "asset": 1571803370000,
    "meta": 1580959826373,
    "relativePath": "prefab\\button.prefab"
  },
  "b2687ac4-099e-403c-a192-ff477686f4f5": {
    "asset": 1571803370000,
    "meta": 1580959826724,
    "relativePath": "particle\\atom.plist"
  },
  "897ef7a1-4860-4f64-968d-f5924b18668a": {
    "asset": 1571803370000,
    "meta": 1580959826378,
    "relativePath": "prefab\\camera.prefab"
  },
  "2c937608-2562-40ea-b264-7395df6f0cea": {
    "asset": 1571803370000,
    "meta": 1580959826382,
    "relativePath": "prefab\\canvas.prefab"
  },
  "61aeb05b-3b32-452b-8eed-2b76deeed554": {
    "asset": 1571803370000,
    "meta": 1580959826386,
    "relativePath": "prefab\\editbox.prefab"
  },
  "27756ebb-3d33-44b0-9b96-e858fadd4dd4": {
    "asset": 1571803370000,
    "meta": 1580959826390,
    "relativePath": "prefab\\label.prefab"
  },
  "785a442c-3ceb-45be-a46e-7317f625f3b9": {
    "asset": 1571803370000,
    "meta": 1580959826394,
    "relativePath": "prefab\\layout.prefab"
  },
  "ddb99b39-7004-47cd-9705-751905c43c46": {
    "asset": 1571803370000,
    "meta": 1580959826398,
    "relativePath": "prefab\\light.prefab"
  },
  "ca8401fe-ad6e-41a8-bd46-8e3e4e9945be": {
    "asset": 1571803370000,
    "meta": 1580959826402,
    "relativePath": "prefab\\pageview.prefab"
  },
  "cd33edea-55f5-46c2-958d-357a01384a36": {
    "asset": 1571803370000,
    "meta": 1580959826406,
    "relativePath": "prefab\\particlesystem.prefab"
  },
  "5965ffac-69da-4b55-bcde-9225d0613c28": {
    "asset": 1571803370000,
    "meta": 1580959826410,
    "relativePath": "prefab\\progressBar.prefab"
  },
  "4a37dd57-78cd-4cec-aad4-f11a73d12b63": {
    "asset": 1571803370000,
    "meta": 1580959826414,
    "relativePath": "prefab\\richtext.prefab"
  },
  "32044bd2-481f-4cf1-a656-e2b2fb1594eb": {
    "asset": 1571803370000,
    "meta": 1580959826419,
    "relativePath": "prefab\\scrollview.prefab"
  },
  "0004d1cf-a0ad-47d8-ab17-34d3db9d35a3": {
    "asset": 1571803370000,
    "meta": 1580959826423,
    "relativePath": "prefab\\slider.prefab"
  },
  "1f55e3be-b89b-4b79-88de-47fd31018044": {
    "asset": 1571803370000,
    "meta": 1580959826427,
    "relativePath": "prefab\\sprite_splash.prefab"
  },
  "96083d03-c332-4a3f-9386-d03e2d19e8ee": {
    "asset": 1571803370000,
    "meta": 1580959826431,
    "relativePath": "prefab\\sprite.prefab"
  },
  "7de03a80-4457-438d-95a7-3e7cdffd6086": {
    "asset": 1571803370000,
    "meta": 1580959826435,
    "relativePath": "prefab\\tiledmap.prefab"
  },
  "0e42ba95-1fa1-46aa-b2cf-143cd1bcee2c": {
    "asset": 1571803370000,
    "meta": 1580959826440,
    "relativePath": "prefab\\tiledtile.prefab"
  },
  "0d784963-d024-4ea6-a7db-03be0ad63010": {
    "asset": 1571803370000,
    "meta": 1580959826445,
    "relativePath": "prefab\\toggle.prefab"
  },
  "bf0a434c-84dd-4a8e-a08a-7a36f180cc75": {
    "asset": 1571803370000,
    "meta": 1580959826450,
    "relativePath": "prefab\\toggleContainer.prefab"
  },
  "d1b8be49-b0a0-435c-83b7-552bed4bbe35": {
    "asset": 1571803370000,
    "meta": 1580959826456,
    "relativePath": "prefab\\toggleGroup.prefab"
  },
  "232d2782-c4bd-4bb4-9e01-909f03d6d3b9": {
    "asset": 1571803370000,
    "meta": 1580959826460,
    "relativePath": "prefab\\videoplayer.prefab"
  },
  "8c5001fd-07ee-4a4b-a8a0-63e15195e94d": {
    "asset": 1571803370000,
    "meta": 1580959826464,
    "relativePath": "prefab\\webview.prefab"
  },
  "d8afc78c-4eac-4a9f-83dd-67bc70344d33": {
    "asset": 1574342185115,
    "meta": 1571803370000,
    "relativePath": "resources"
  },
  "294c1663-4adf-4a1e-a795-53808011a38a": {
    "asset": 1574342184955,
    "meta": 1571803370000,
    "relativePath": "resources\\effects"
  },
  "144c3297-af63-49e8-b8ef-1cfa29b3be28": {
    "asset": 1571803370000,
    "meta": 1580959826471,
    "relativePath": "resources\\effects\\builtin-2d-gray-sprite.effect"
  },
  "0e93aeaa-0b53-4e40-b8e0-6268b4e07bd7": {
    "asset": 1571803370000,
    "meta": 1580959826478,
    "relativePath": "resources\\effects\\builtin-2d-spine.effect"
  },
  "2874f8dd-416c-4440-81b7-555975426e93": {
    "asset": 1571803370000,
    "meta": 1580959826485,
    "relativePath": "resources\\effects\\builtin-2d-sprite.effect"
  },
  "c0040c95-c57f-49cd-9cbc-12316b73d0d4": {
    "asset": 1571803370000,
    "meta": 1580959826498,
    "relativePath": "resources\\effects\\builtin-clear-stencil.effect"
  },
  "79eafaef-b7ef-45d9-9c3f-591dc836fc7a": {
    "asset": 1571803370000,
    "meta": 1580959826528,
    "relativePath": "resources\\effects\\builtin-unlit-transparent.effect"
  },
  "6d91e591-4ce0-465c-809f-610ec95019c6": {
    "asset": 1571803370000,
    "meta": 1580959826570,
    "relativePath": "resources\\effects\\builtin-unlit.effect"
  },
  "bbee2217-c261-49bd-a8ce-708d6bcc3500": {
    "asset": 1574342185102,
    "meta": 1571803370000,
    "relativePath": "resources\\materials"
  },
  "6f801092-0c37-4f30-89ef-c8d960825b36": {
    "asset": 1571803370000,
    "meta": 1580959826590,
    "relativePath": "resources\\materials\\builtin-2d-base.mtl"
  },
  "3a7bb79f-32fd-422e-ada2-96f518fed422": {
    "asset": 1571803370000,
    "meta": 1580959826614,
    "relativePath": "resources\\materials\\builtin-2d-gray-sprite.mtl"
  },
  "7afd064b-113f-480e-b793-8817d19f63c3": {
    "asset": 1571803370000,
    "meta": 1580959826621,
    "relativePath": "resources\\materials\\builtin-2d-spine.mtl"
  },
  "eca5d2f2-8ef6-41c2-bbe6-f9c79d09c432": {
    "asset": 1571803370000,
    "meta": 1580959826638,
    "relativePath": "resources\\materials\\builtin-2d-sprite.mtl"
  },
  "cf7e0bb8-a81c-44a9-ad79-d28d43991032": {
    "asset": 1571803370000,
    "meta": 1580959826650,
    "relativePath": "resources\\materials\\builtin-clear-stencil.mtl"
  },
  "2a296057-247c-4a1c-bbeb-0548b6c98650": {
    "asset": 1571803370000,
    "meta": 1580959826655,
    "relativePath": "resources\\materials\\builtin-unlit.mtl"
  },
  "954fec8b-cd16-4bb9-a3b7-7719660e7558": {
    "asset": 1571803370000,
    "meta": 1580959832176,
    "relativePath": "model\\primitives.fbx"
  },
  "bf49188b-164a-4daa-a847-1efbca54c2cb": {
    "asset": 1580565332690,
    "meta": 1580029008853,
    "relativePath": "Scene"
  },
  "f25b2774-6cec-44fb-9a64-be2a4fa20b49": {
    "asset": 1581165809205,
    "meta": 1580029017112,
    "relativePath": "Script"
  },
  "01595758-0b39-4e25-8dd8-2f57e63f55e4": {
    "asset": 1581151396567,
    "meta": 1580029031806,
    "relativePath": "Prefab"
  },
  "2c2501a8-eefa-4620-ac50-c61345d21a5f": {
    "asset": 1581171137249,
    "meta": 1581171137292,
    "relativePath": "Scene\\round.fire"
  },
  "dacb09af-b797-4e78-b454-134086e83558": {
    "asset": 1580889223668,
    "meta": 1580889223732,
    "relativePath": "Prefab\\ball.prefab"
  },
  "aa84f866-33ff-4969-a23b-a35e57228a0f": {
    "asset": 1580870709176,
    "meta": 1580870709188,
    "relativePath": "Prefab\\brick.prefab"
  },
  "dc3b3de8-429c-46d9-b6c3-b5ed59c6035b": {
    "asset": 1580874114021,
    "meta": 1580874114140,
    "relativePath": "Prefab\\obstacle.prefab"
  },
  "667f4d4e-0e68-4ee0-a6c6-e776e20b9854": {
    "asset": 1580974355971,
    "meta": 1580974356085,
    "relativePath": "Prefab\\terminalPoint.prefab"
  },
  "96f0df80-c9d4-4cbe-9787-6bb7a75b2700": {
    "asset": 1580874125640,
    "meta": 1580874125751,
    "relativePath": "Prefab\\switch.prefab"
  },
  "aecebfbe-bc2b-47e5-8ea0-3b81a6db2cb0": {
    "asset": 1580989630263,
    "meta": 1580377914498,
    "relativePath": "Script\\Menu\\SceneMenu"
  },
  "58513a32-5bec-499e-919f-461a12f3ead7": {
    "asset": 1581171171399,
    "meta": 1581171171418,
    "relativePath": "Scene\\homeMenu.fire"
  },
  "bbb28ae6-eab1-46dd-b289-e258cac5536f": {
    "asset": 1580956637928,
    "meta": 1580529634634,
    "relativePath": "Script\\Menu"
  },
  "d7a402b6-53a1-4a21-8728-424af8dbc85d": {
    "asset": 1581151285381,
    "meta": 1580529656029,
    "relativePath": "Script\\Menu\\HomeMenu"
  },
  "2db28c11-7676-4964-b6b3-dbcbf2cfc9c4": {
    "asset": 1580561487430,
    "meta": 1580561565193,
    "relativePath": "Script\\Controller\\TouchListener.js"
  },
  "f84010f2-6ec3-4685-ad37-d3c972809ea0": {
    "asset": 1580614467282,
    "meta": 1580614414137,
    "relativePath": "Script\\Menu\\ResultMenu"
  },
  "314e2537-07a3-4c89-bdf3-ec206332781d": {
    "asset": 1580637663813,
    "meta": 1580637804441,
    "relativePath": "Script\\Menu\\SceneMenu\\SceneMenuData.js"
  },
  "0c924b37-feaf-40c2-85bd-fe71f95bc0a8": {
    "asset": 1580972606521,
    "meta": 1580638751448,
    "relativePath": "Script\\GlobalData"
  },
  "565ab391-9c62-4132-82ab-4d24730e098c": {
    "asset": 1580646057788,
    "meta": 1580646179629,
    "relativePath": "Script\\Physics\\PhysicsManager.js"
  },
  "594d8978-8d37-4feb-a311-31cb9e0ca078": {
    "asset": 1580887258652,
    "meta": 1580646247356,
    "relativePath": "Script\\Physics"
  },
  "85eb6ff4-2f0e-42a4-bbb0-fcd72f0f3c8d": {
    "asset": 1580646676677,
    "meta": 1580646640320,
    "relativePath": "Script\\Controller"
  },
  "8185fc76-a999-43d2-92c0-fd41b9f95cd1": {
    "asset": 1580874084043,
    "meta": 1580874084082,
    "relativePath": "Prefab\\key.prefab"
  },
  "2e5e5987-d3f5-41a0-ad36-fc1b2dd7b5be": {
    "asset": 1580825015331,
    "meta": 1580825017287,
    "relativePath": "Script\\Physics\\Camera.js"
  },
  "ed2f3e49-6a24-47b0-8f1b-2af605e3e650": {
    "asset": 1580871257945,
    "meta": 1580871290215,
    "relativePath": "Script\\Physics\\WinListener.js"
  },
  "3b5314f7-eba3-4e86-a456-78ee394ab8f0": {
    "asset": 1580888869237,
    "meta": 1580888876199,
    "relativePath": "Script\\Controller\\InputListener.js"
  },
  "8d2c2b40-7b99-4d66-bccf-cd067f301f26": {
    "asset": 1581170474615,
    "meta": 1580716570257,
    "relativePath": "Pics"
  },
  "bfc2e4b6-b255-48cb-93df-a95ef38d4cc0": {
    "asset": 1580716570273,
    "meta": 1580716570258,
    "relativePath": "Pics\\background"
  },
  "15a26d6a-b694-4915-a3fb-3f19dcc63929": {
    "asset": 1580895793761,
    "meta": 1580716570259,
    "relativePath": "Pics\\background\\bg01"
  },
  "b1df2954-1c42-4b1f-b124-19cb0d732254": {
    "asset": 1580890413929,
    "meta": 1580716570273,
    "relativePath": "Pics\\background\\bg02"
  },
  "8ca9616c-c1ae-44f2-9f58-134d77e4f643": {
    "asset": 1580890413931,
    "meta": 1580890415255,
    "relativePath": "Pics\\background\\bg02\\bg02.plist"
  },
  "f5b11f99-8afe-447f-badb-ac103cde4a3b": {
    "asset": 1580716570289,
    "meta": 1580716570281,
    "relativePath": "Pics\\Form"
  },
  "82075ad0-4c20-426c-8733-0ed4e7407e83": {
    "asset": 1580890413912,
    "meta": 1580716570283,
    "relativePath": "Pics\\Form\\Barrier"
  },
  "c90e081f-b1cc-4275-89c7-d6fd09378e38": {
    "asset": 1580890413920,
    "meta": 1580890415266,
    "relativePath": "Pics\\Form\\Barrier\\Barrier.plist"
  },
  "49d262bd-57e9-4ff4-9a64-4ac6098dc148": {
    "asset": 1580890413937,
    "meta": 1580890415061,
    "relativePath": "Pics\\background\\bg02\\bg02.png"
  },
  "332242cd-b0db-4c7d-b6ff-71dd9c193533": {
    "asset": 1580890413913,
    "meta": 1580716570289,
    "relativePath": "Pics\\Form\\tiles"
  },
  "b1ab6b44-cc7a-4544-bbcc-b9e5071a5d5f": {
    "asset": 1580890413920,
    "meta": 1580890415276,
    "relativePath": "Pics\\Form\\tiles\\tiles.plist"
  },
  "b9a8ab61-9227-4c4e-8f50-2002ba3c1d3a": {
    "asset": 1580890413920,
    "meta": 1580890415074,
    "relativePath": "Pics\\Form\\Barrier\\Barrier.png"
  },
  "be2d8dcf-a4ac-4241-9859-793dce6a1881": {
    "asset": 1580890413921,
    "meta": 1580890415085,
    "relativePath": "Pics\\Form\\tiles\\tiles.png"
  },
  "1fe87122-ab25-415d-a9fd-beeed73c6c60": {
    "asset": 1580716570438,
    "meta": 1580716570297,
    "relativePath": "Pics\\menu"
  },
  "ed10c619-1ee9-4d3e-820e-4ea847a7e9f2": {
    "asset": 1580716570422,
    "meta": 1580716570298,
    "relativePath": "Pics\\menu\\homeMenu"
  },
  "f12016fd-c769-4a2e-bf52-4b9f97e0573d": {
    "asset": 1580890413929,
    "meta": 1580716570299,
    "relativePath": "Pics\\menu\\homeMenu\\decoration"
  },
  "6a73166a-b427-4519-b237-cc37612e95f1": {
    "asset": 1580890413937,
    "meta": 1580890415325,
    "relativePath": "Pics\\menu\\homeMenu\\decoration\\decoration.plist"
  },
  "f13e1d2e-31e4-4e44-8c47-0e956f4e5fc9": {
    "asset": 1580890413928,
    "meta": 1580716570404,
    "relativePath": "Pics\\menu\\homeMenu\\icon"
  },
  "70865619-d169-4008-9ae4-ab79414df322": {
    "asset": 1580890413931,
    "meta": 1580890415337,
    "relativePath": "Pics\\menu\\homeMenu\\icon\\icon.plist"
  },
  "d6318f9d-728f-49de-8089-448617be2256": {
    "asset": 1580890413938,
    "meta": 1580890415112,
    "relativePath": "Pics\\menu\\homeMenu\\decoration\\decoration.png"
  },
  "c4b5570d-7fcd-49a6-9b51-563b81ec42b4": {
    "asset": 1580890413927,
    "meta": 1580716570410,
    "relativePath": "Pics\\menu\\homeMenu\\instruction"
  },
  "53a27e18-dde8-4de1-adac-8732a6294a38": {
    "asset": 1580890413931,
    "meta": 1580890415119,
    "relativePath": "Pics\\menu\\homeMenu\\icon\\icon.png"
  },
  "fb3e9311-6774-448f-93fc-89f5c0efd314": {
    "asset": 1580890413930,
    "meta": 1580890415352,
    "relativePath": "Pics\\menu\\homeMenu\\instruction\\instruction.plist"
  },
  "99a155e4-7862-48eb-b178-b7dda2ee80fb": {
    "asset": 1580890413930,
    "meta": 1580716570417,
    "relativePath": "Pics\\menu\\homeMenu\\select"
  },
  "cdd08347-a5c5-4e90-ad9b-7c8ad89c3814": {
    "asset": 1580890413932,
    "meta": 1580890415363,
    "relativePath": "Pics\\menu\\homeMenu\\select\\select.plist"
  },
  "62dc1809-528c-4f7d-bf98-2b4fb8cb1746": {
    "asset": 1580890413931,
    "meta": 1580890415135,
    "relativePath": "Pics\\menu\\homeMenu\\select\\select.png"
  },
  "fc5caf9c-c94d-48c1-8d3b-1fd8d5a254df": {
    "asset": 1580890413932,
    "meta": 1580890415140,
    "relativePath": "Pics\\menu\\homeMenu\\instruction\\instruction.png"
  },
  "22763bb5-3411-4d7a-ac4e-766ecf7ea26b": {
    "asset": 1580890413930,
    "meta": 1580716570422,
    "relativePath": "Pics\\menu\\homeMenu\\words"
  },
  "b151cf1f-7990-4cfd-bd48-6af8c7baa6c7": {
    "asset": 1580890413931,
    "meta": 1580890415379,
    "relativePath": "Pics\\menu\\homeMenu\\words\\words.plist"
  },
  "35c08a65-192a-41d5-a620-3b119c7b671b": {
    "asset": 1580890413920,
    "meta": 1580716570428,
    "relativePath": "Pics\\menu\\resultMenu"
  },
  "8199b0b6-1c91-47b2-bf8f-28d27bd58476": {
    "asset": 1580890413920,
    "meta": 1580890415413,
    "relativePath": "Pics\\menu\\resultMenu\\resultMenu.plist"
  },
  "d9360c01-b12d-49c3-8873-a5b5d8a7b3b2": {
    "asset": 1580890413931,
    "meta": 1580890415189,
    "relativePath": "Pics\\menu\\homeMenu\\words\\words.png"
  },
  "7558d1a3-a219-4f49-ae5c-f437f0dee42c": {
    "asset": 1580890413919,
    "meta": 1580716570438,
    "relativePath": "Pics\\menu\\sceneMenu"
  },
  "0bb9b0ba-bf22-4f62-91ce-d41536b2057a": {
    "asset": 1580890413924,
    "meta": 1580890415427,
    "relativePath": "Pics\\menu\\sceneMenu\\sceneMenu.plist"
  },
  "384c2a93-b86a-4a29-83ba-42055a779092": {
    "asset": 1580890413929,
    "meta": 1580890415206,
    "relativePath": "Pics\\menu\\resultMenu\\resultMenu.png"
  },
  "70407375-c3c9-4159-994a-9b10b5daf1e5": {
    "asset": 1580890413929,
    "meta": 1580734974690,
    "relativePath": "Pics\\menu\\sceneMenu\\tips"
  },
  "410dd182-643f-4c54-bf05-4b0dadbe7c61": {
    "asset": 1580890413931,
    "meta": 1580890415434,
    "relativePath": "Pics\\menu\\sceneMenu\\tips\\tips.plist"
  },
  "f98ef6a3-f189-44f6-bb0a-c534b85ab71d": {
    "asset": 1580890413937,
    "meta": 1580890415221,
    "relativePath": "Pics\\menu\\sceneMenu\\tips\\tips.png"
  },
  "0e7e3f7d-9868-4cf7-ad80-c5090be80cda": {
    "asset": 1580890413910,
    "meta": 1580716570443,
    "relativePath": "Pics\\player"
  },
  "e8d308e4-cd50-4b4d-bb01-320b565740c4": {
    "asset": 1580890413920,
    "meta": 1580890415497,
    "relativePath": "Pics\\player\\player.plist"
  },
  "25fc2a47-4ca3-4e14-842a-5c1131f06965": {
    "asset": 1580890413925,
    "meta": 1580890415236,
    "relativePath": "Pics\\menu\\sceneMenu\\sceneMenu.png"
  },
  "b60e26a7-ab5c-4708-93b8-50652d2134ee": {
    "asset": 1580890413919,
    "meta": 1580890415238,
    "relativePath": "Pics\\player\\player.png"
  },
  "4af4d29a-7d93-496f-9429-a4b26ae78f12": {
    "asset": 1580890825374,
    "meta": 1580890826928,
    "relativePath": "Script\\Physics\\CurtainMap.js"
  },
  "29f1152c-5f54-4b98-89b4-ee70f4a49580": {
    "asset": 1580894061554,
    "meta": 1580890414938,
    "relativePath": "Pics\\guide"
  },
  "dc44cc2f-9f20-4bd6-9a77-e264d4398c46": {
    "asset": 1580894061556,
    "meta": 1580894061739,
    "relativePath": "Pics\\guide\\guide.plist"
  },
  "caafffc9-1086-476b-8f90-0647bacfb8f0": {
    "asset": 1580894061556,
    "meta": 1580894061726,
    "relativePath": "Pics\\guide\\guide.png"
  },
  "a8997af5-a9e3-4def-8f58-2965d20ef090": {
    "asset": 1580895793763,
    "meta": 1580895793885,
    "relativePath": "Pics\\background\\bg01\\bg01.plist"
  },
  "b8a25ca9-36e5-4da8-ae5d-65aa85cd1ee2": {
    "asset": 1580895793763,
    "meta": 1580895793867,
    "relativePath": "Pics\\background\\bg01\\bg01.png"
  },
  "83897352-ac6e-4e11-9e95-37b8b05fd27a": {
    "asset": 1580956645729,
    "meta": 1580956637928,
    "relativePath": "Script\\Menu\\Guide"
  },
  "4e4d9527-3c86-4535-906c-90dded759415": {
    "asset": 1580961266630,
    "meta": 1580961274353,
    "relativePath": "Script\\Menu\\Guide\\guide.js"
  },
  "939e686e-6911-42e8-a855-000dad6f00f1": {
    "asset": 1580973216998,
    "meta": 1580973333295,
    "relativePath": "Script\\Menu\\HomeMenu\\gameInstruction.js"
  },
  "e88762c4-5690-4efe-a748-aac713924a5d": {
    "asset": 1580973246168,
    "meta": 1580973333343,
    "relativePath": "Script\\Menu\\HomeMenu\\gameLevelSelect.js"
  },
  "2a3c3e0b-c729-4b48-bc05-66886659350f": {
    "asset": 1580979350962,
    "meta": 1580979352237,
    "relativePath": "Script\\Menu\\HomeMenu\\SoundVolume.js"
  },
  "7025f6dd-66b2-4c91-a070-c4c45a2a3755": {
    "asset": 1580988978976,
    "meta": 1580988981821,
    "relativePath": "Script\\GlobalData\\GlobalMusicSource.js"
  },
  "ce6efd30-adc7-4d66-8d9b-44861411de2f": {
    "asset": 1580990556413,
    "meta": 1580990595577,
    "relativePath": "Script\\Menu\\SceneMenu\\SceneMenuAwaker.js"
  },
  "f651eb93-a6af-4955-8d94-5422345c7473": {
    "asset": 1580991084111,
    "meta": 1580991101963,
    "relativePath": "Script\\Menu\\SceneMenu\\SceneMenuBotton.js"
  },
  "446c188d-76cc-4abb-a902-8919c92fcaa1": {
    "asset": 1580991101391,
    "meta": 1580991101964,
    "relativePath": "Script\\Menu\\SceneMenu\\TipMenu.js"
  },
  "a53ec182-132c-4bdc-87a1-b283140db664": {
    "asset": 1581135619835,
    "meta": 1581135697726,
    "relativePath": "Script\\Physics\\Key.js"
  },
  "580e03f9-6be5-40fd-88a7-ad7be06a72e8": {
    "asset": 1581142448290,
    "meta": 1581142449836,
    "relativePath": "Script\\Music.js"
  },
  "d7c39381-7293-4ddf-8c03-4311a0c4c5aa": {
    "asset": 1581144542315,
    "meta": 1581144549151,
    "relativePath": "Script\\Menu\\ResultMenu\\BottonResolver.js"
  },
  "4918c742-3ae2-4924-b8d7-8eb6f51b7665": {
    "asset": 1581144505964,
    "meta": 1581144549152,
    "relativePath": "Script\\Menu\\ResultMenu\\ResultMenuShow.js"
  },
  "c32d8e61-f238-4530-a6ff-2b7d24b2d645": {
    "asset": 1581145810599,
    "meta": 1581145810590,
    "relativePath": "Sound"
  },
  "6d6802c1-6450-4290-8871-58842b33941d": {
    "asset": 1581145810572,
    "meta": 1581145810621,
    "relativePath": "Sound\\buttonclick.mp3"
  },
  "85305245-2d07-47ed-918d-f6ac730fab4a": {
    "asset": 1581145810573,
    "meta": 1581145810624,
    "relativePath": "Sound\\Ding.mp3"
  },
  "c6fdbc9c-3cc0-432a-8215-d66e3a9d0bc5": {
    "asset": 1581145810574,
    "meta": 1581145810631,
    "relativePath": "Sound\\failfare.mp3"
  },
  "ccc56f41-c977-4cf1-884b-81373f7cd5ff": {
    "asset": 1581145810584,
    "meta": 1581145810638,
    "relativePath": "Sound\\happy.mp3"
  },
  "e2e64a7b-06b8-4141-a9f6-c71fe9c53ac9": {
    "asset": 1581145810583,
    "meta": 1581145810642,
    "relativePath": "Sound\\Mentionsound2.mp3"
  },
  "8871c250-a24d-4b90-a1ee-551b46c32dbe": {
    "asset": 1581145810579,
    "meta": 1581145810648,
    "relativePath": "Sound\\success.mp3"
  },
  "e2aaa298-c7f2-4183-bff8-1a2fd187a25c": {
    "asset": 1581145810574,
    "meta": 1581145810652,
    "relativePath": "Sound\\Swoosh.mp3"
  },
  "a2eb72dc-4861-474d-8604-7f3cd8779b63": {
    "asset": 1581147639531,
    "meta": 1581147657230,
    "relativePath": "Script\\Menu\\HomeMenu\\innerCircleController.js"
  },
  "d603d41a-5f3b-4409-aea5-c19a76ec977b": {
    "asset": 1581164187787,
    "meta": 1581150940052,
    "relativePath": "Pics\\particle"
  },
  "66212dfe-9607-46a4-a729-6391d10ac155": {
    "asset": 1581150940045,
    "meta": 1581150940190,
    "relativePath": "Pics\\particle\\particle_texture.plist"
  },
  "cfd06632-49f8-469b-a242-2856947f2208": {
    "asset": 1581150940045,
    "meta": 1581150940167,
    "relativePath": "Pics\\particle\\particle_texture.png"
  },
  "294a2b2d-ec3d-4464-82c5-94c66dbd1b0d": {
    "asset": 1581164243910,
    "meta": 1581164243970,
    "relativePath": "Prefab\\particle_click.prefab"
  },
  "03c69d73-a0f3-4481-ba28-1bf80c55f4d2": {
    "asset": 1581164187761,
    "meta": 1581164187864,
    "relativePath": "Pics\\particle\\effect01.plist"
  },
  "8e2cf4eb-b441-4d6c-856e-41cd58d5f268": {
    "asset": 1581164187762,
    "meta": 1581164187839,
    "relativePath": "Pics\\particle\\effect01.png"
  },
  "d5570e0c-5049-4119-848e-b145f667f8ce": {
    "asset": 1581165764635,
    "meta": 1581165801942,
    "relativePath": "Script\\Menu\\HomeMenu\\homeMenuButton.js"
  },
  "3fae6be8-7be5-48ee-b25a-d6851ba65954": {
    "asset": 1581165885482,
    "meta": 1581165886683,
    "relativePath": "Script\\Menu\\HomeMenu\\homeMenu.js"
  },
  "3da78b8b-c71a-4283-9960-08345f7e68cf": {
    "asset": 1581165904943,
    "meta": 1581165906182,
    "relativePath": "Script\\ClickParticle.js"
  },
  "d0011d80-d58f-421a-b62f-910d8e832685": {
    "asset": 1581166981545,
    "meta": 1581166988310,
    "relativePath": "Script\\MapInitializer.js"
  },
  "24d75f68-d064-4c31-926d-b025dda6391f": {
    "asset": 1581167330764,
    "meta": 1581167332014,
    "relativePath": "Script\\Physics\\Ball.js"
  },
  "46d01bad-8567-4849-9e88-b776329af340": {
    "asset": 1581170206453,
    "meta": 1581170281949,
    "relativePath": "Script\\Controller\\G-SensorListener.js"
  },
  "5306249c-33c7-44fe-b366-84508c9c68ce": {
    "asset": 1581170280460,
    "meta": 1581170281950,
    "relativePath": "Script\\MapData.js"
  },
  "fe906f9d-1c00-4638-a600-26d9944f60ef": {
    "asset": 1581170474634,
    "meta": 1581170474615,
    "relativePath": "Pics\\replace"
  },
  "0a7720ba-334c-4a60-bcec-a314f2e6c308": {
    "asset": 1581170474600,
    "meta": 1581170474758,
    "relativePath": "Pics\\replace\\replace.plist"
  },
  "23a6ed53-7699-4858-88fb-3cd3e4b7312d": {
    "asset": 1581170474601,
    "meta": 1581170474746,
    "relativePath": "Pics\\replace\\replace.png"
  },
  "25bbf3e0-b5c6-423d-afb2-2de8df865a5e": {
    "asset": 1581574024673,
    "meta": 1581574026367,
    "relativePath": "Script\\GlobalData\\CurrentData.js"
  }
}