{
  "__type__": "cc.SpriteAtlas",
  "_name": "icon.plist",
  "_objFlags": 0,
  "_native": "",
  "_spriteFrames": {
    "fire": {
      "__uuid__": "05c88a14-10a2-4b6c-8103-c50edc2750e3"
    },
    "metal": {
      "__uuid__": "cea0fbb8-ef50-4046-9cc3-57ce7bc1206f"
    },
    "soil": {
      "__uuid__": "1fb68d2d-61d6-4c89-9ad6-dc033220f6bf"
    },
    "water": {
      "__uuid__": "836dedd7-43c7-4a5d-a770-1b94936df114"
    },
    "wood": {
      "__uuid__": "5abe69d9-3cc7-47ea-b9e6-578227d010d3"
    }
  }
}