{
  "__type__": "cc.SpriteAtlas",
  "_name": "Barrier.plist",
  "_objFlags": 0,
  "_native": "",
  "_spriteFrames": {
    "FireBarrier02": {
      "__uuid__": "a1de8f28-b8a6-4922-8121-d49303157313"
    },
    "MetalBarrier02": {
      "__uuid__": "c8a01cd3-0d80-4a90-ad36-62c982ffadd3"
    },
    "SoilBarrier02": {
      "__uuid__": "09d7c037-b874-4a4d-9a97-ba3ee9ac087d"
    },
    "WaterBarrier02": {
      "__uuid__": "930dac4c-72c4-4b96-8823-a8d6e0a7c821"
    },
    "WoodenBarrier01": {
      "__uuid__": "2ccab8d2-2fcb-4c22-81d0-72e438bbf995"
    }
  }
}