{
  "__type__": "cc.SpriteAtlas",
  "_name": "instruction.plist",
  "_objFlags": 0,
  "_native": "",
  "_spriteFrames": {
    "frame": {
      "__uuid__": "82ff9b9e-f580-4fef-87a8-7743d316e108"
    },
    "instruction01": {
      "__uuid__": "e7f392cd-8dbb-477b-9a55-264c5909e206"
    },
    "instruction02": {
      "__uuid__": "98e5f7f9-19f1-4c7b-8bdd-d7131a4124f2"
    },
    "instructionTitle": {
      "__uuid__": "f6dbc0d2-4de7-4657-95ca-f30710ea75a0"
    },
    "next": {
      "__uuid__": "2eae4a14-2b67-4d9e-af3b-3802d565204b"
    },
    "picture": {
      "__uuid__": "6536cf6f-bb24-4ac0-8591-aa9070a00483"
    },
    "tipsReturn": {
      "__uuid__": "da995a41-31a8-4a3d-802c-942443c025d1"
    }
  }
}