{
  "__type__": "cc.SpriteAtlas",
  "_name": "decoration.plist",
  "_objFlags": 0,
  "_native": "",
  "_spriteFrames": {
    "SoilEffects": {
      "__uuid__": "33fc2a14-c0c7-484c-ac8f-807ae7fde3eb"
    },
    "bar": {
      "__uuid__": "4346e05a-1d8f-4606-a834-ac309b968f6d"
    },
    "block": {
      "__uuid__": "04d41a6b-4505-408d-8c0a-91bd68ec30e7"
    },
    "edge": {
      "__uuid__": "a8112643-e41c-4462-90fb-d8ad7e3dbe77"
    },
    "fireEffects": {
      "__uuid__": "8606da58-7bad-45ad-9062-23850a2dac5e"
    },
    "metalEffects": {
      "__uuid__": "dd991ac8-fda2-4934-868f-97e9b9fe55e2"
    },
    "ring01": {
      "__uuid__": "b7e19ddd-e366-4e83-954d-ffbde3c94c9c"
    },
    "ring02": {
      "__uuid__": "b83774be-7f78-4dd6-bc7d-ca13d91ecae0"
    },
    "waterEffects": {
      "__uuid__": "368c3c57-8f12-4135-b484-61ef484dc047"
    },
    "woodEffects": {
      "__uuid__": "1686b527-f40e-43ec-b915-f484193bca86"
    }
  }
}