{
  "__type__": "cc.SpriteAtlas",
  "_name": "player.plist",
  "_objFlags": 0,
  "_native": "",
  "_spriteFrames": {
    "FireBall01": {
      "__uuid__": "b31354bf-2cc1-4c74-a27c-579cf8678189"
    },
    "MetalBall01": {
      "__uuid__": "c58292ab-384b-4664-ad4f-d405bd21f02d"
    },
    "SoilBall01": {
      "__uuid__": "1e12a74e-782d-44fb-a3c0-a094d2e5856f"
    },
    "WaterBall01": {
      "__uuid__": "2085c2ff-584d-41e6-af5c-ca0bb8236dd1"
    },
    "WoodenBall01": {
      "__uuid__": "e3ccb9c4-738c-455c-bb63-c6d2195c5ba5"
    },
    "die": {
      "__uuid__": "6c7822f2-4262-4a38-9c50-20caf5a731b5"
    },
    "hp03Full01": {
      "__uuid__": "2cabaaf6-06fe-4a31-bba9-5ec632a81ed2"
    },
    "hp03Full02": {
      "__uuid__": "06f56f9f-cf75-4f3d-aad2-646fbe182f94"
    },
    "hp03Full03": {
      "__uuid__": "63059f43-8224-47cf-abe0-8960a422a7af"
    },
    "hp03low01": {
      "__uuid__": "6e242e44-28c5-44dc-96b9-0381dc75e4ae"
    },
    "hp03low02": {
      "__uuid__": "54f1baa1-634c-4e8b-94b0-2bd3553cb33d"
    },
    "hp03low03": {
      "__uuid__": "43246ca1-8bda-4e14-a603-568999159dcd"
    }
  }
}