[
  {
    "__type__": "cc.Prefab",
    "_name": "particle_click",
    "_objFlags": 0,
    "_native": "",
    "data": {
      "__id__": 1
    },
    "optimizationPolicy": 0,
    "asyncLoadAssets": false,
    "readonly": false
  },
  {
    "__type__": "cc.Node",
    "_name": "clickParticle",
    "_objFlags": 0,
    "_parent": null,
    "_children": [],
    "_active": true,
    "_level": 1,
    "_components": [
      {
        "__id__": 2
      }
    ],
    "_prefab": {
      "__id__": 3
    },
    "_opacity": 255,
    "_color": {
      "__type__": "cc.Color",
      "r": 255,
      "g": 255,
      "b": 255,
      "a": 255
    },
    "_contentSize": {
      "__type__": "cc.Size",
      "width": 0,
      "height": 0
    },
    "_anchorPoint": {
      "__type__": "cc.Vec2",
      "x": 0.5,
      "y": 0.5
    },
    "_position": {
      "__type__": "cc.Vec3",
      "x": 0,
      "y": 0,
      "z": 0
    },
    "_scale": {
      "__type__": "cc.Vec3",
      "x": 1,
      "y": 1,
      "z": 1
    },
    "_eulerAngles": {
      "__type__": "cc.Vec3",
      "x": 0,
      "y": 0,
      "z": 0
    },
    "_skewX": 0,
    "_skewY": 0,
    "_is3DNode": false,
    "groupIndex": 0,
    "_id": ""
  },
  {
    "__type__": "cc.ParticleSystem",
    "_name": "",
    "_objFlags": 0,
    "node": {
      "__id__": 1
    },
    "_enabled": true,
    "_materials": [
      {
        "__uuid__": "eca5d2f2-8ef6-41c2-bbe6-f9c79d09c432"
      }
    ],
    "_srcBlendFactor": 770,
    "_dstBlendFactor": 1,
    "_custom": false,
    "_file": {
      "__uuid__": "03c69d73-a0f3-4481-ba28-1bf80c55f4d2"
    },
    "_spriteFrame": {
      "__uuid__": "40e707b3-9b0b-44f1-9cae-232eca5e01e4"
    },
    "_texture": {
      "__uuid__": "cfd06632-49f8-469b-a242-2856947f2208"
    },
    "_stopped": true,
    "playOnLoad": true,
    "autoRemoveOnFinish": true,
    "totalParticles": 21,
    "duration": 0.12,
    "emissionRate": 52.5,
    "life": 0.4,
    "lifeVar": 0.1,
    "_startColor": {
      "__type__": "cc.Color",
      "r": 255,
      "g": 204,
      "b": 102,
      "a": 255
    },
    "_startColorVar": {
      "__type__": "cc.Color",
      "r": 0,
      "g": 0,
      "b": 0,
      "a": 0
    },
    "_endColor": {
      "__type__": "cc.Color",
      "r": 0,
      "g": 0,
      "b": 0,
      "a": 255
    },
    "_endColorVar": {
      "__type__": "cc.Color",
      "r": 0,
      "g": 0,
      "b": 0,
      "a": 0
    },
    "angle": 0,
    "angleVar": 180,
    "startSize": 67,
    "startSizeVar": 10,
    "endSize": 40,
    "endSizeVar": 0,
    "startSpin": 720,
    "startSpinVar": 0,
    "endSpin": 0,
    "endSpinVar": 0,
    "sourcePos": {
      "__type__": "cc.Vec2",
      "x": 0,
      "y": 0
    },
    "posVar": {
      "__type__": "cc.Vec2",
      "x": 0,
      "y": 0
    },
    "_positionType": 1,
    "positionType": 1,
    "emitterMode": 0,
    "gravity": {
      "__type__": "cc.Vec2",
      "x": 0,
      "y": 0
    },
    "speed": 277,
    "speedVar": 128,
    "tangentialAccel": 0,
    "tangentialAccelVar": 0,
    "radialAccel": 0,
    "radialAccelVar": 0,
    "rotationIsDir": false,
    "startRadius": 0,
    "startRadiusVar": 0,
    "endRadius": 0,
    "endRadiusVar": 0,
    "rotatePerS": 0,
    "rotatePerSVar": 0,
    "_N$preview": true,
    "_id": ""
  },
  {
    "__type__": "cc.PrefabInfo",
    "root": {
      "__id__": 1
    },
    "asset": {
      "__uuid__": "294a2b2d-ec3d-4464-82c5-94c66dbd1b0d"
    },
    "fileId": "96tqqGn5dC5bzMQAdQY3qL",
    "sync": false
  }
]